{
    "loss": 15.266855239868164,
    "accuracy": 0.5878243446350098
}