{
    "loss": 15.701637268066406,
    "accuracy": 0.5878243446350098
}